customer_id,first_name,last_name,gender,age,signup_date,region,age_group,tenure_days
C0000,Patrick,Morgan,Male,18.0,2024-07-11,South,Young,470
C0001,Eric,Lee,Other,36.0,2020-09-20,East,Adult,1860
C0002,Thomas,Pena,Female,44.15526315789474,2021-03-07,East,Mature,1692
C0003,Dalton,Duran,Male,24.0,2021-08-29,South,Young,1517
C0004,Travis,Mcclain,Male,50.0,2023-03-29,South,Mature,940
C0005,Brian,Kelley,Male,68.0,2024-11-21,North,Senior,337
C0006,Alyssa,Sandoval,Female,47.0,2025-02-08,North,Mature,258
C0007,Theresa,Wright,Male,70.0,2022-12-08,South,Senior,1051
C0008,Alyssa,Estrada,Male,48.0,2023-08-22,East,Mature,794
C0009,Karen,Clark,Female,62.0,2023-05-31,East,Senior,877
C0010,Christina,Scott,Male,70.0,2021-06-04,West,Senior,1603
C0011,John,Franklin,Other,51.0,2020-06-30,East,Mature,1942
C0012,Jerome,Jones,Male,63.0,2020-06-06,East,Senior,1966
C0013,Richard,Barnes,Male,65.0,2020-06-15,North,Senior,1957
C0014,Anna,Bennett,Male,26.0,2020-06-28,South,Adult,1944
C0015,Anne,Greer,Other,32.0,2020-09-18,East,Adult,1862
C0016,Sabrina,Carey,Male,31.0,2022-09-21,South,Adult,1129
C0017,Crystal,Adkins,Male,45.0,2024-07-30,North,Mature,451
C0018,Amanda,Riley,Male,19.0,2023-01-21,West,Young,1007
C0019,Jose,Arellano,Female,20.0,2020-05-19,South,Young,1984
C0020,Michelle,Adkins,Male,20.0,2021-04-28,North,Young,1640
C0021,Courtney,Roth,Female,25.0,2022-12-29,East,Young,1030
C0022,John,Le,Male,22.0,2024-11-27,East,Young,331
C0023,Patricia,Stephens,Other,44.15526315789474,2020-09-30,North,Mature,1850
C0024,Amber,Higgins,Male,56.0,2023-01-13,South,Senior,1015
C0025,Sharon,Montes,Other,30.0,2022-12-17,South,Adult,1042
C0026,Vincent,Henry,Other,40.0,2024-09-15,North,Adult,404
C0027,Ray,Ross,Male,27.0,2021-12-17,East,Adult,1407
C0028,Kylie,Long,Other,40.0,2023-09-16,East,Adult,769
C0029,Nancy,Murphy,Male,50.0,2021-09-14,South,Mature,1501
C0030,Craig,Matthews,Other,54.0,2022-05-06,North,Mature,1267
C0031,Melanie,Patterson,Male,70.0,2023-04-27,North,Senior,911
C0032,John,Frazier,Other,31.0,2021-07-01,South,Adult,1576
C0033,Charles,Jones,Female,28.0,2024-07-27,North,Adult,454
C0034,Shawn,Hall,Other,24.0,2022-05-20,South,Young,1253
C0035,James,Small,Other,63.0,2022-01-13,West,Senior,1380
C0036,Anthony,Williams,Female,44.15526315789474,2023-09-18,South,Mature,767
C0037,John,Silva,Female,61.0,2024-05-09,North,Senior,533
C0038,Jamie,Hopkins,Male,40.0,2024-09-22,West,Adult,397
C0039,Jonathan,Brown,Female,31.0,2021-08-20,South,Adult,1526
C0040,Jason,Lee,Female,25.0,2021-05-23,East,Young,1615
C0041,Jonathan,Kennedy,Male,47.0,2022-05-16,North,Mature,1257
C0042,Sherry,Torres,Other,26.0,2020-07-19,West,Adult,1923
C0043,Kevin,Chavez,Female,63.0,2023-02-13,East,Senior,984
C0044,Bryan,Pollard,Other,64.0,2021-12-14,North,Senior,1410
C0045,Allison,Pratt,Male,38.0,2023-06-23,West,Adult,854
C0046,Edward,Green,Male,42.0,2021-07-04,East,Mature,1573
C0047,Michael,Brewer,Female,56.0,2024-11-12,East,Senior,346
C0048,Gregory,Ward,Other,46.0,2024-09-06,South,Mature,413
C0049,Robert,Manning,Other,44.0,2024-07-09,East,Mature,472
C0050,Robert,Wilcox,Female,30.0,2022-04-11,North,Adult,1292
C0051,Kathy,Porter,Female,61.0,2023-07-14,East,Senior,833
C0052,Megan,Peterson,Male,18.0,2025-03-13,West,Young,225
C0053,Matthew,Watson,Other,24.0,2024-03-26,West,Young,577
C0054,Jorge,Jenkins,Female,51.0,2020-07-24,North,Mature,1918
C0055,Carlos,Strickland,Male,44.15526315789474,2025-01-25,West,Mature,272
C0056,Dawn,Guzman,Female,62.0,2022-11-21,North,Senior,1068
C0057,Jennifer,Medina,Other,28.0,2023-01-20,North,Adult,1008
C0058,Taylor,Patterson,Female,30.0,2024-10-07,East,Adult,382
C0059,Alison,Berger,Male,56.0,2020-11-16,West,Senior,1803
C0060,Todd,Boyd,Male,32.0,2022-09-06,West,Adult,1144
C0061,Molly,Johnson,Other,49.0,2021-12-28,East,Mature,1396
C0062,Debbie,Shaw,Other,67.0,2023-09-25,East,Senior,760
C0063,Barbara,Barnes,Other,43.0,2023-11-10,East,Mature,714
C0064,Bryan,Jones,Female,60.0,2021-11-12,West,Senior,1442
C0065,Jessica,Lopez,Female,50.0,2024-11-25,East,Mature,333
C0066,Daniel,Whitaker,Male,67.0,2023-04-30,West,Senior,908
C0067,William,Singleton,Male,25.0,2024-02-25,East,Young,607
C0068,Debra,Powell,Female,49.0,2022-07-22,South,Mature,1190
C0069,Kelli,Santana,Other,26.0,2021-06-19,North,Adult,1588
C0070,Michelle,Mitchell,Male,65.0,2024-08-06,North,Senior,444
C0071,William,Williams,Male,49.0,2024-12-18,North,Mature,310
C0072,Michele,Walter,Male,42.0,2021-11-05,East,Mature,1449
C0073,Virginia,Molina,Male,37.0,2023-06-20,North,Adult,857
C0074,Sierra,Santiago,Male,60.0,2024-12-19,West,Senior,309
C0075,Brian,Parker,Female,30.0,2022-11-10,East,Adult,1079
C0076,Craig,Martinez,Other,49.0,2024-02-06,West,Mature,626
C0077,Donald,Mcdonald,Other,34.0,2025-03-15,East,Adult,223
C0078,Christine,Thompson,Other,52.0,2021-10-15,North,Mature,1470
C0079,James,Rodriguez,Male,45.0,2022-11-25,North,Mature,1064
C0080,Jill,Middleton,Female,46.0,2023-07-27,East,Mature,820
C0081,Brian,Martin,Female,46.0,2020-05-20,West,Mature,1983
C0082,Christopher,Escobar,Male,20.0,2022-04-11,South,Young,1292
C0083,Nicole,Kelly,Other,60.0,2023-08-19,East,Senior,797
C0084,Charles,Wallace,Other,28.0,2024-07-26,West,Adult,455
C0085,Cindy,Rios,Female,26.0,2024-01-25,East,Adult,638
C0086,Isaac,Ferrell,Other,42.0,2022-07-09,West,Mature,1203
C0087,David,Fleming,Male,54.0,2022-01-30,West,Mature,1363
C0088,Angelica,Brown,Other,53.0,2021-08-23,West,Mature,1523
C0089,Mary,Barton,Female,53.0,2025-02-12,South,Mature,254
C0090,Jacob,Spencer,Other,21.0,2020-10-25,West,Young,1825
C0091,Jamie,Chen,Female,49.0,2023-05-22,West,Mature,886
C0092,Beth,Flores,Other,61.0,2022-05-17,East,Senior,1256
C0093,Arthur,Smith,Female,38.0,2023-10-01,North,Adult,754
C0094,Rebecca,Blankenship,Male,44.15526315789474,2020-08-13,North,Mature,1898
C0095,Miguel,Anderson,Male,41.0,2022-08-05,East,Mature,1176
C0096,Kathryn,Wright,Other,55.0,2020-11-05,North,Mature,1814
C0097,Christopher,Ballard,Other,39.0,2021-06-07,West,Adult,1600
C0098,Rachel,King,Male,45.0,2024-04-08,East,Mature,564
C0099,Toni,Garcia,Female,44.0,2022-10-30,East,Mature,1090
C0100,Courtney,Banks,Male,60.0,2024-10-24,South,Senior,365
C0101,Harold,Anderson,Male,33.0,2024-02-09,East,Adult,623
C0102,Krista,Chung,Other,23.0,2024-04-24,North,Young,548
C0103,Oscar,Carr,Female,25.0,2021-03-12,East,Young,1687
C0104,Mark,Carter,Male,19.0,2021-02-12,East,Young,1715
C0105,Kim,Stone,Male,47.0,2020-08-03,West,Mature,1908
C0106,Caitlin,Castillo,Other,50.0,2020-11-02,West,Mature,1817
C0107,Rachel,Reynolds,Female,19.0,2024-06-09,West,Young,502
C0108,Amanda,Fitzgerald,Other,19.0,2022-06-06,East,Young,1236
C0109,Tina,Holder,Female,54.0,2023-04-23,West,Mature,915
C0110,Natasha,Ellison,Female,54.0,2023-11-25,North,Mature,699
C0111,Kimberly,Curtis,Female,24.0,2024-12-19,South,Young,309
C0112,Zachary,Sanchez,Female,49.0,2024-03-01,East,Mature,602
C0113,Lauren,Conley,Male,57.0,2024-06-14,East,Senior,497
C0114,Heather,Adams,Female,45.0,2023-05-24,South,Mature,884
C0115,Shelby,Dougherty,Female,58.0,2020-12-21,North,Senior,1768
C0116,Candice,Ingram,Other,31.0,2024-01-19,East,Adult,644
C0117,William,Williams,Female,21.0,2022-11-01,East,Young,1088
C0118,Shawn,Mccormick,Other,43.0,2020-07-03,South,Mature,1939
C0119,Jody,Scott,Other,65.0,2024-11-02,North,Senior,356
C0120,David,Chan,Other,55.0,2021-01-17,North,Mature,1741
C0121,Kayla,Burke,Other,39.0,2024-01-02,East,Adult,661
C0122,Brandi,Mueller,Male,44.15526315789474,2022-10-26,West,Mature,1094
C0123,Mary,Lee,Female,31.0,2020-11-26,East,Adult,1793
C0124,Bobby,Higgins,Male,59.0,2021-09-03,East,Senior,1512
C0125,Ashley,Obrien,Other,69.0,2024-12-30,East,Senior,298
C0126,Calvin,Reyes,Female,60.0,2021-06-09,East,Senior,1598
C0127,Andrew,Price,Male,44.0,2021-06-10,West,Mature,1597
C0128,Martin,Wilson,Female,57.0,2020-06-07,West,Senior,1965
C0129,James,Rodriguez,Other,66.0,2021-09-25,South,Senior,1490
C0130,Sarah,Cruz,Male,58.0,2023-08-19,South,Senior,797
C0131,Kathleen,Sutton,Other,49.0,2023-02-02,South,Mature,995
C0132,William,Moore,Other,70.0,2024-01-09,West,Senior,654
C0133,Phillip,White,Female,58.0,2023-10-02,West,Senior,753
C0134,Elizabeth,Brooks,Other,64.0,2023-07-31,North,Senior,816
C0135,Hector,Clarke,Other,30.0,2025-04-04,East,Adult,203
C0136,Thomas,Simmons,Female,27.0,2023-03-28,South,Adult,941
C0137,Willie,Gonzalez,Male,65.0,2022-08-20,East,Senior,1161
C0138,April,Mann,Female,44.0,2024-03-31,East,Mature,572
C0139,Larry,Johnson,Male,58.0,2021-06-28,South,Senior,1579
C0140,Amanda,Hicks,Female,35.0,2021-01-25,East,Adult,1733
C0141,Jean,Joseph,Other,28.0,2024-12-31,East,Adult,297
C0142,William,Anthony,Other,56.0,2022-08-01,South,Senior,1180
C0143,Collin,Lutz,Female,33.0,2021-10-13,North,Adult,1472
C0144,Alicia,Baker,Male,30.0,2020-12-25,North,Adult,1764
C0145,Richard,Murphy,Male,69.0,2023-03-25,East,Senior,944
C0146,Karen,Becker,Female,49.0,2021-11-12,West,Mature,1442
C0147,Melissa,Suarez,Female,59.0,2024-04-17,North,Senior,555
C0148,Philip,Castillo,Male,28.0,2021-01-09,East,Adult,1749
C0149,Susan,Bailey,Male,19.0,2025-01-30,East,Young,267
C0150,Jeremy,Jones,Female,60.0,2023-10-20,South,Senior,735
C0151,Christopher,Brown,Other,20.0,2021-04-30,West,Young,1638
C0152,David,Huerta,Male,21.0,2024-12-31,North,Young,297
C0153,Teresa,Cochran,Female,56.0,2022-08-30,East,Senior,1151
C0154,Joshua,Rice,Male,44.0,2020-04-15,East,Mature,2018
C0155,Jennifer,Clark,Other,60.0,2022-01-02,North,Senior,1391
C0156,Zachary,Johnson,Female,44.15526315789474,2020-04-21,South,Mature,2012
C0157,Jeremy,Snyder,Male,25.0,2024-09-05,North,Young,414
C0158,Charles,Mcdonald,Other,60.0,2024-01-23,East,Senior,640
C0159,Chad,Chen,Female,23.0,2021-11-01,South,Young,1453
C0160,Perry,Rice,Other,25.0,2020-07-26,East,Young,1916
C0161,Max,Jenkins,Female,55.0,2023-09-24,West,Mature,761
C0162,Barbara,Young,Other,65.0,2024-01-23,South,Senior,640
C0163,Shannon,Garner,Female,31.0,2022-02-04,South,Adult,1358
C0164,Debra,Dorsey,Male,29.0,2024-01-18,South,Adult,645
C0165,Jerry,Alexander,Female,46.0,2023-07-16,West,Mature,831
C0166,Christopher,Herrera,Female,55.0,2020-08-12,North,Mature,1899
C0167,Matthew,Anthony,Female,52.0,2021-08-29,East,Mature,1517
C0168,Gabriel,Jenkins,Other,25.0,2022-11-19,East,Young,1070
C0169,Billy,Watts,Other,45.0,2021-12-07,West,Mature,1417
C0170,Lisa,Brown,Other,33.0,2021-06-26,East,Adult,1581
C0171,Doris,Collins,Male,41.0,2024-01-03,West,Mature,660
C0172,Ashley,Phillips,Other,41.0,2024-03-26,East,Mature,577
C0173,Nicole,Black,Male,59.0,2023-08-13,North,Senior,803
C0174,James,French,Other,60.0,2024-11-19,North,Senior,339
C0175,Ryan,Charles,Other,68.0,2021-04-25,South,Senior,1643
C0176,Bradley,Galvan,Female,53.0,2024-02-23,West,Mature,609
C0177,Toni,Frye,Female,58.0,2022-01-09,East,Senior,1384
C0178,Adam,Mueller,Other,25.0,2024-06-08,South,Young,503
C0179,Carol,Lara,Female,42.0,2021-10-03,North,Mature,1482
C0180,Tammy,Brewer,Female,34.0,2022-08-30,East,Adult,1151
C0181,Nancy,Hickman,Male,70.0,2024-05-25,South,Senior,517
C0182,Thomas,Blake,Female,31.0,2020-08-08,South,Adult,1903
C0183,Carl,Villanueva,Female,58.0,2022-07-18,East,Senior,1194
C0184,Deanna,Flynn,Other,44.0,2023-10-04,North,Mature,751
C0185,Richard,Morris,Female,23.0,2023-10-24,West,Young,731
C0186,Rebecca,Peterson,Female,65.0,2021-07-14,West,Senior,1563
C0187,Sean,Macdonald,Female,63.0,2022-06-06,West,Senior,1236
C0188,Brandi,Torres,Male,70.0,2023-03-12,South,Senior,957
C0189,Lauren,Liu,Other,34.0,2024-09-18,North,Adult,401
C0190,Linda,Humphrey,Female,44.0,2024-05-25,East,Mature,517
C0191,Jerry,Hardy,Female,62.0,2022-10-21,North,Senior,1099
C0192,Reginald,Williams,Male,59.0,2024-04-29,South,Senior,543
C0193,Shelby,Henry,Other,44.15526315789474,2020-10-06,South,Mature,1844
C0194,Nancy,Ward,Male,43.0,2021-04-12,South,Mature,1656
C0195,William,Taylor,Other,37.0,2021-02-05,East,Adult,1722
C0196,Holly,Martinez,Other,23.0,2022-04-07,North,Young,1296
C0197,Tara,Byrd,Male,33.0,2022-08-13,South,Adult,1168
C0198,Kelly,Coleman,Other,61.0,2020-06-01,West,Senior,1971
C0199,Michele,Ellis,Female,46.0,2022-07-20,West,Mature,1192
C0200,Anthony,Davis,Other,26.0,2020-09-01,East,Adult,1879
C0201,Daniel,Wheeler,Male,61.0,2024-01-05,East,Senior,658
C0202,Katherine,Lamb,Female,30.0,2023-12-12,North,Adult,682
C0203,Levi,Bradford,Female,41.0,2024-01-24,South,Mature,639
C0204,Lance,James,Female,42.0,2022-07-19,South,Mature,1193
C0205,Emily,Jackson,Male,19.0,2023-06-27,South,Young,850
C0206,Jason,Peters,Male,47.0,2023-12-03,South,Mature,691
C0207,Brian,Reyes,Female,62.0,2020-11-13,South,Senior,1806
C0208,Samantha,Robinson,Male,43.0,2024-11-23,West,Mature,335
C0209,Kathy,Winters,Other,34.0,2021-02-12,South,Adult,1715
C0210,Kyle,Dodson,Male,41.0,2023-09-19,South,Mature,766
C0211,Kristin,Cook,Other,25.0,2022-11-18,North,Young,1071
C0212,Tyler,Hale,Other,51.0,2021-08-28,West,Mature,1518
C0213,Kimberly,Barton,Female,70.0,2024-06-28,West,Senior,483
C0214,Michelle,Miller,Male,32.0,2020-11-20,South,Adult,1799
C0215,Zachary,Fitzgerald,Male,70.0,2021-01-21,East,Senior,1737
C0216,Alexis,Garcia,Female,65.0,2024-05-06,West,Senior,536
C0217,Kim,Vasquez,Female,26.0,2022-05-31,West,Adult,1242
C0218,Jared,Turner,Male,56.0,2023-04-25,South,Senior,913
C0219,Justin,Young,Female,64.0,2024-12-11,South,Senior,317
C0220,Helen,Brown,Female,29.0,2023-08-22,West,Adult,794
C0221,Janice,Moore,Male,19.0,2023-12-16,East,Young,678
C0222,Melanie,Morales,Female,33.0,2023-07-05,West,Adult,842
C0223,Edward,Mueller,Male,41.0,2021-12-25,West,Mature,1399
C0224,Laura,James,Male,18.0,2021-02-04,West,Young,1723
C0225,Lisa,Gray,Male,38.0,2023-09-10,West,Adult,775
C0226,Robert,Sherman,Other,31.0,2024-09-09,West,Adult,410
C0227,Megan,Lopez,Other,45.0,2022-12-30,East,Mature,1029
C0228,Jennifer,Rogers,Male,24.0,2021-10-21,North,Young,1464
C0229,Jorge,Phillips,Male,39.0,2025-03-01,South,Adult,237
C0230,Mark,Lewis,Female,40.0,2024-08-10,North,Adult,440
C0231,Richard,Smith,Male,34.0,2020-07-24,West,Adult,1918
C0232,Ronald,Howard,Female,43.0,2024-08-03,East,Mature,447
C0233,Joseph,Johnson,Male,53.0,2022-05-20,North,Mature,1253
C0234,Ralph,Reid,Other,29.0,2021-10-17,East,Adult,1468
C0235,George,Williams,Male,50.0,2022-04-10,West,Mature,1293
C0236,Allison,Black,Female,47.0,2023-02-24,South,Mature,973
C0237,Dennis,Dixon,Male,38.0,2025-02-09,West,Adult,257
C0238,Joseph,Mathis,Male,34.0,2020-11-05,North,Adult,1814
C0239,Laura,Mccann,Female,20.0,2022-06-11,South,Young,1231
C0240,Shane,Aguirre,Female,35.0,2024-09-16,East,Adult,403
C0241,Frederick,Fischer,Female,36.0,2022-11-30,East,Adult,1059
C0242,David,Wilson,Other,66.0,2023-02-20,East,Senior,977
C0243,Kathy,Hughes,Other,44.15526315789474,2021-02-22,West,Mature,1705
C0244,Scott,Moore,Male,38.0,2022-03-14,West,Adult,1320
C0245,Steve,Hensley,Male,53.0,2020-06-11,West,Mature,1961
C0246,Catherine,Williams,Male,30.0,2021-01-02,South,Adult,1756
C0247,Karl,Watts,Male,32.0,2021-09-27,South,Adult,1488
C0248,Madeline,Maddox,Male,48.0,2022-09-16,East,Mature,1134
C0249,Ricky,Phillips,Male,63.0,2022-07-07,West,Senior,1205
C0250,Wayne,Jones,Female,25.0,2021-11-20,West,Young,1434
C0251,Jeffrey,Ferguson,Male,46.0,2023-12-03,East,Mature,691
C0252,Joshua,Morrow,Other,53.0,2022-02-28,West,Mature,1334
C0253,Karina,White,Female,49.0,2023-02-10,North,Mature,987
C0254,Matthew,Wright,Other,27.0,2020-07-25,North,Adult,1917
C0255,James,Hall,Female,23.0,2024-06-06,South,Young,505
C0256,John,Jones,Female,29.0,2021-10-19,South,Adult,1466
C0257,Philip,Ramirez,Other,50.0,2024-02-25,East,Mature,607
C0258,Melinda,Fitzgerald,Other,60.0,2021-05-21,South,Senior,1617
C0259,Sandra,Weeks,Other,18.0,2023-08-17,South,Young,799
C0260,Mikayla,Foster,Female,22.0,2022-04-20,South,Young,1283
C0261,Nathan,Gonzalez,Female,61.0,2023-10-29,North,Senior,726
C0262,John,Combs,Female,19.0,2024-07-30,East,Young,451
C0263,Katherine,Bryant,Other,44.15526315789474,2023-01-22,North,Mature,1006
C0264,Charles,King,Female,41.0,2022-02-04,North,Mature,1358
C0265,Francisco,Kerr,Female,27.0,2020-09-22,North,Adult,1858
C0266,Andrew,Scott,Male,47.0,2020-12-07,West,Mature,1782
C0267,Timothy,Carroll,Female,58.0,2023-07-05,East,Senior,842
C0268,John,Gonzales,Other,60.0,2024-12-26,North,Senior,302
C0269,Debbie,Nguyen,Female,20.0,2022-09-19,West,Young,1131
C0270,John,Lawson,Female,44.15526315789474,2024-09-01,South,Mature,418
C0271,Christine,Moore,Male,21.0,2020-04-28,East,Young,2005
C0272,Sharon,Vasquez,Female,69.0,2024-04-17,North,Senior,555
C0273,Connie,Stark,Other,44.15526315789474,2024-11-18,West,Mature,340
C0274,Nancy,Ray,Male,43.0,2023-03-26,East,Mature,943
C0275,Evan,Ryan,Male,33.0,2023-08-15,West,Adult,801
C0276,Rachael,Mason,Male,19.0,2020-05-21,South,Young,1982
C0277,Andrew,Martin,Male,42.0,2023-03-23,West,Mature,946
C0278,Mary,Ferguson,Female,59.0,2021-09-21,South,Senior,1494
C0279,Phillip,Morse,Male,37.0,2021-09-17,West,Adult,1498
C0280,Adam,Randall,Female,65.0,2022-10-26,East,Senior,1094
C0281,April,Krause,Other,56.0,2023-01-16,South,Senior,1012
C0282,Stephen,Vasquez,Female,60.0,2022-05-03,North,Senior,1270
C0283,Jennifer,Ramirez,Female,50.0,2023-03-21,South,Mature,948
C0284,Stephen,Roberts,Female,44.15526315789474,2023-02-05,West,Mature,992
C0285,Kayla,Thompson,Female,35.0,2021-07-10,West,Adult,1567
C0286,Kara,Stevens,Male,66.0,2024-06-19,West,Senior,492
C0287,Tiffany,Washington,Female,57.0,2024-07-23,South,Senior,458
C0288,Gregory,Pitts,Female,58.0,2021-07-28,West,Senior,1549
C0289,Kevin,Obrien,Male,44.15526315789474,2021-10-14,East,Mature,1471
C0290,Amy,Lee,Female,61.0,2023-09-10,South,Senior,775
C0291,Charlotte,May,Other,61.0,2023-02-25,South,Senior,972
C0292,Sara,Bowman,Female,51.0,2022-01-15,North,Mature,1378
C0293,Willie,Mills,Female,47.0,2023-01-24,West,Mature,1004
C0294,Devin,Tapia,Male,69.0,2025-03-10,West,Senior,228
C0295,Arthur,Perez,Female,27.0,2023-09-14,South,Adult,771
C0296,Catherine,Martin,Other,37.0,2024-09-07,South,Adult,412
C0297,Lynn,Baker,Other,45.0,2024-02-26,East,Mature,606
C0298,Martin,Murphy,Other,21.0,2021-05-01,North,Young,1637
C0299,Joanna,Knight,Male,50.0,2020-09-17,North,Mature,1863
C0300,Jorge,Gutierrez,Other,45.0,2021-08-29,West,Mature,1517
C0301,Angela,Johnson,Male,47.0,2023-04-03,East,Mature,935
C0302,Deborah,Nunez,Female,34.0,2021-07-02,North,Adult,1575
C0303,Michelle,Sawyer,Other,19.0,2020-09-25,North,Young,1855
C0304,Paul,Dudley,Other,60.0,2024-04-01,West,Senior,571
C0305,Emily,Crawford,Male,68.0,2023-09-04,South,Senior,781
C0306,Nicole,Rivera,Female,20.0,2023-05-05,North,Young,903
C0307,Tammy,Smith,Female,63.0,2024-05-26,East,Senior,516
C0308,Sherri,Brown,Female,55.0,2022-07-09,West,Mature,1203
C0309,Susan,Ramirez,Other,46.0,2021-04-27,East,Mature,1641
C0310,David,Allen,Female,44.15526315789474,2021-12-12,South,Mature,1412
C0311,Brenda,Stevenson,Male,29.0,2020-08-27,North,Adult,1884
C0312,Tyler,Kim,Other,56.0,2020-11-28,East,Senior,1791
C0313,Susan,Mitchell,Other,24.0,2021-06-16,West,Young,1591
C0314,Andrea,Anderson,Other,19.0,2023-07-20,North,Young,827
C0315,Eileen,Wilson,Female,25.0,2024-02-28,North,Young,604
C0316,Kenneth,Clark,Male,59.0,2022-07-14,West,Senior,1198
C0317,Gregory,Johnson,Female,62.0,2021-11-09,West,Senior,1445
C0318,Joshua,Romero,Other,65.0,2024-03-01,West,Senior,602
C0319,Glenn,Simon,Female,57.0,2020-12-06,East,Senior,1783
C0320,Anne,Martinez,Other,61.0,2022-03-04,West,Senior,1330
C0321,Jerry,Hawkins,Female,23.0,2020-10-21,South,Young,1829
C0322,Christina,Burgess,Male,18.0,2021-10-19,South,Young,1466
C0323,Kelly,Jarvis,Male,70.0,2020-09-01,North,Senior,1879
C0324,Timothy,Newman,Other,44.15526315789474,2024-11-08,North,Mature,350
C0325,Ariana,Knight,Male,48.0,2024-08-16,South,Mature,434
C0326,Shaun,Mack,Other,33.0,2020-04-29,West,Adult,2004
C0327,Stephanie,Brooks,Other,68.0,2023-06-17,South,Senior,860
C0328,Brandy,Lewis,Male,37.0,2022-06-24,West,Adult,1218
C0329,Melissa,Robles,Male,48.0,2023-08-18,West,Mature,798
C0330,Andrea,Sampson,Male,25.0,2021-02-07,South,Young,1720
C0331,Darryl,Woodard,Male,65.0,2025-02-05,West,Senior,261
C0332,Steven,Gould,Female,48.0,2022-10-09,North,Mature,1111
C0333,Laura,Morris,Female,55.0,2024-05-23,South,Mature,519
C0334,Karen,Williams,Male,44.15526315789474,2022-01-30,West,Mature,1363
C0335,Joshua,Lester,Male,39.0,2022-12-15,North,Adult,1044
C0336,Wesley,Riley,Male,58.0,2020-12-11,West,Senior,1778
C0337,Kristen,Rich,Female,49.0,2024-02-07,East,Mature,625
C0338,James,James,Male,49.0,2020-11-05,West,Mature,1814
C0339,Lori,Cruz,Female,50.0,2023-05-06,West,Mature,902
C0340,Kelly,Townsend,Male,63.0,2022-09-02,North,Senior,1148
C0341,Eric,Wilson,Other,19.0,2023-04-12,West,Young,926
C0342,Kurt,Shannon,Other,38.0,2020-04-21,North,Adult,2012
C0343,Maria,Berry,Female,59.0,2021-08-09,West,Senior,1537
C0344,David,Ramirez,Female,25.0,2022-05-24,West,Young,1249
C0345,Isaac,Booth,Other,59.0,2022-09-02,East,Senior,1148
C0346,Jessica,Bradley,Female,62.0,2023-02-07,West,Senior,990
C0347,Rita,Porter,Male,44.15526315789474,2023-06-10,East,Mature,867
C0348,Jason,Higgins,Other,30.0,2023-04-03,West,Adult,935
C0349,Nicholas,Pruitt,Female,46.0,2021-01-17,South,Mature,1741
C0350,Peter,Sutton,Other,32.0,2020-04-24,East,Adult,2009
C0351,Ashley,Taylor,Other,63.0,2020-06-27,West,Senior,1945
C0352,Renee,Weaver,Male,36.0,2023-03-26,West,Adult,943
C0353,Alyssa,Ruiz,Female,61.0,2021-01-08,East,Senior,1750
C0354,Ariel,Hale,Female,69.0,2020-11-18,South,Senior,1801
C0355,Zachary,Woods,Other,31.0,2022-05-10,East,Adult,1263
C0356,Ryan,Hernandez,Other,65.0,2021-01-25,North,Senior,1733
C0357,John,White,Other,48.0,2023-12-25,South,Mature,669
C0358,Karen,Jackson,Male,30.0,2022-06-03,South,Adult,1239
C0359,Sierra,Dennis,Other,49.0,2023-04-28,North,Mature,910
C0360,Shannon,Campbell,Female,49.0,2020-08-14,East,Mature,1897
C0361,Lisa,Howell,Male,31.0,2020-09-06,North,Adult,1874
C0362,Traci,Nichols,Male,40.0,2022-02-04,East,Adult,1358
C0363,Katherine,Walker,Female,61.0,2024-07-31,South,Senior,450
C0364,Amy,Woods,Male,70.0,2021-11-29,North,Senior,1425
C0365,Zachary,Miller,Male,39.0,2024-01-23,West,Adult,640
C0366,Christopher,Guerrero,Male,57.0,2023-05-17,South,Senior,891
C0367,Jeffrey,Patterson,Male,53.0,2024-03-21,South,Mature,582
C0368,Natalie,Riley,Female,44.15526315789474,2021-11-22,East,Mature,1432
C0369,Sean,Bryant,Female,67.0,2024-11-03,North,Senior,355
C0370,Amber,Bentley,Other,35.0,2024-09-28,South,Adult,391
C0371,Angela,Davis,Other,50.0,2024-04-30,North,Mature,542
C0372,Madison,Smith,Other,21.0,2025-01-27,West,Young,270
C0373,Melissa,Cole,Female,66.0,2020-10-10,North,Senior,1840
C0374,David,Nunez,Male,68.0,2023-07-07,North,Senior,840
C0375,Leon,Bell,Other,20.0,2025-03-16,North,Young,222
C0376,William,Jones,Male,58.0,2024-03-13,North,Senior,590
C0377,Cassandra,Sharp,Male,41.0,2020-08-22,South,Mature,1889
C0378,Christopher,Flores,Other,36.0,2022-08-29,West,Adult,1152
C0379,Jesse,Anderson,Other,44.15526315789474,2023-05-12,North,Mature,896
C0380,Donald,Vang,Male,59.0,2022-03-06,East,Senior,1328
C0381,Stephanie,Scott,Female,70.0,2022-08-23,South,Senior,1158
C0382,Joshua,Johnson,Male,30.0,2025-01-14,West,Adult,283
C0383,Jonathan,Conley,Female,67.0,2023-09-22,North,Senior,763
C0384,Heather,Bradley,Male,69.0,2025-01-03,West,Senior,294
C0385,Terri,Simpson,Female,36.0,2023-12-19,South,Adult,675
C0386,Terry,Davis,Male,35.0,2023-03-12,East,Adult,957
C0387,Darren,Brown,Other,66.0,2023-09-09,West,Senior,776
C0388,Matthew,Miller,Female,58.0,2020-11-14,South,Senior,1805
C0389,Crystal,Burgess,Male,66.0,2024-11-22,West,Senior,336
C0390,Rachel,Cordova,Male,26.0,2021-08-22,West,Adult,1524
C0391,Doris,Brown,Female,44.0,2023-06-11,West,Mature,866
C0392,Christopher,Alvarez,Other,68.0,2022-10-11,East,Senior,1109
C0393,Brandon,Cooper,Male,46.0,2020-11-16,South,Mature,1803
C0394,Sarah,Larson,Male,63.0,2021-01-02,North,Senior,1756
C0395,Theresa,Wang,Male,39.0,2024-12-17,East,Adult,311
C0396,Laura,Smith,Female,67.0,2025-03-10,South,Senior,228
C0397,Raymond,Taylor,Female,21.0,2023-04-19,West,Young,919
C0398,Paul,Pace,Male,60.0,2023-10-22,South,Senior,733
C0399,Christopher,Kennedy,Other,21.0,2020-12-06,East,Young,1783
C0400,Jeremy,Fuller,Female,43.0,2021-05-10,East,Mature,1628
C0401,Lance,Ferguson,Other,65.0,2021-02-14,East,Senior,1713
C0402,Bianca,Hicks,Female,18.0,2024-10-07,East,Young,382
C0403,Gary,Hall,Other,57.0,2023-04-27,South,Senior,911
C0404,Juan,Sanchez,Other,43.0,2020-09-26,West,Mature,1854
C0405,Sarah,Sharp,Other,31.0,2024-04-07,West,Adult,565
C0406,Heather,Allen,Other,40.0,2022-11-06,West,Adult,1083
C0407,Megan,Stevens,Male,37.0,2021-07-02,North,Adult,1575
C0408,Kristin,Roman,Male,52.0,2024-12-04,East,Mature,324
C0409,Bryan,Brown,Female,64.0,2022-06-11,South,Senior,1231
C0410,Brandy,Morgan,Other,52.0,2020-04-11,East,Mature,2022
C0411,Antonio,Luna,Male,23.0,2024-07-31,East,Young,450
C0412,Erik,Chen,Other,39.0,2022-01-06,South,Adult,1387
C0413,Eddie,Shea,Male,19.0,2021-01-03,East,Young,1755
C0414,Stacy,Anderson,Male,67.0,2023-04-22,East,Senior,916
C0415,Kaitlyn,Daniels,Other,45.0,2024-05-01,North,Mature,541
C0416,Erin,Ortega,Other,21.0,2022-03-12,East,Young,1322
C0417,Donna,Adams,Female,58.0,2022-09-22,East,Senior,1128
C0418,Jeffrey,Roberts,Male,21.0,2024-01-15,North,Young,648
C0419,Tracy,Shelton,Female,37.0,2024-06-17,North,Adult,494
C0420,Daniel,Farmer,Female,39.0,2023-09-18,South,Adult,767
C0421,William,Patterson,Other,55.0,2022-08-06,South,Mature,1175
C0422,Cathy,Horn,Female,37.0,2023-07-27,East,Adult,820
C0423,Robert,Hayes,Other,68.0,2025-04-07,South,Senior,200
C0424,Christine,Mendoza,Other,42.0,2024-06-24,South,Mature,487
C0425,Laura,Mclean,Male,38.0,2020-11-22,South,Adult,1797
C0426,Amy,Shaw,Female,47.0,2024-08-16,North,Mature,434
C0427,Jason,Foster,Male,63.0,2022-11-21,West,Senior,1068
C0428,Kristin,Brown,Female,23.0,2023-12-21,North,Young,673
C0429,Tracy,Hall,Male,44.15526315789474,2021-06-02,South,Mature,1605
C0430,Mandy,Rice,Female,31.0,2021-05-24,West,Adult,1614
C0431,Walter,Duarte,Male,41.0,2022-11-19,West,Mature,1070
C0432,Martha,Robles,Other,44.15526315789474,2024-02-27,West,Mature,605
C0433,James,George,Female,55.0,2024-04-10,West,Mature,562
C0434,Shane,Ryan,Other,45.0,2024-08-24,West,Mature,426
C0435,Samuel,Jones,Other,49.0,2024-05-27,West,Mature,515
C0436,Bradley,Hubbard,Male,27.0,2024-02-03,South,Adult,629
C0437,Karen,Johnson,Female,63.0,2022-08-03,West,Senior,1178
C0438,Amy,Barrett,Male,63.0,2021-08-11,North,Senior,1535
C0439,Jennifer,Mcdonald,Other,31.0,2021-07-07,West,Adult,1570
C0440,Ann,Powers,Female,44.15526315789474,2023-02-04,South,Mature,993
C0441,Kimberly,Hughes,Other,41.0,2022-08-22,North,Mature,1159
C0442,Donna,Romero,Other,44.0,2021-10-10,North,Mature,1475
C0443,Cassandra,Thompson,Male,41.0,2020-05-15,East,Mature,1988
C0444,Margaret,Price,Male,51.0,2020-05-25,South,Mature,1978
C0445,John,Guerrero,Male,41.0,2024-01-18,East,Mature,645
C0446,Charles,Garcia,Female,37.0,2023-04-19,East,Adult,919
C0447,Anna,Roberts,Female,19.0,2023-06-17,South,Young,860
C0448,Roy,Ramirez,Male,68.0,2023-08-16,West,Senior,800
C0449,Jessica,White,Male,37.0,2021-12-14,East,Adult,1410
C0450,Anthony,Montoya,Male,29.0,2024-07-25,West,Adult,456
C0451,David,Chandler,Male,25.0,2022-07-05,East,Young,1207
C0452,Jennifer,Mcdonald,Male,20.0,2025-02-19,West,Young,247
C0453,Gary,Roberts,Female,44.15526315789474,2020-06-15,East,Mature,1957
C0454,Gregory,Rivas,Other,46.0,2022-09-19,East,Mature,1131
C0455,Jorge,Jackson,Female,48.0,2023-07-28,South,Mature,819
C0456,Anthony,Huff,Male,44.15526315789474,2023-04-12,West,Mature,926
C0457,Jimmy,Donaldson,Female,60.0,2023-03-03,West,Senior,966
C0458,Tonya,Meadows,Male,64.0,2021-11-27,East,Senior,1427
C0459,John,Wagner,Male,44.15526315789474,2024-08-22,West,Mature,428
C0460,Dennis,Ramirez,Female,32.0,2025-03-27,West,Adult,211
C0461,Janet,Sanchez,Female,52.0,2022-01-22,North,Mature,1371
C0462,Kelly,Spencer,Other,46.0,2024-08-17,East,Mature,433
C0463,Alan,Osborn,Other,23.0,2020-09-15,South,Young,1865
C0464,Heather,Smith,Other,19.0,2023-08-10,East,Young,806
C0465,Nicole,Garcia,Other,59.0,2021-11-30,North,Senior,1424
C0466,Randy,Le,Other,53.0,2025-01-23,North,Mature,274
C0467,Timothy,Combs,Male,57.0,2021-05-02,North,Senior,1636
C0468,Kimberly,Robertson,Other,51.0,2023-01-09,South,Mature,1019
C0469,Mary,Dalton,Female,50.0,2024-07-03,North,Mature,478
C0470,Charles,Gonzalez,Male,60.0,2023-07-29,South,Senior,818
C0471,Deanna,Pitts,Male,35.0,2023-06-04,South,Adult,873
C0472,Justin,Howard,Male,63.0,2022-11-24,West,Senior,1065
C0473,Kathleen,Montoya,Male,69.0,2022-11-09,East,Senior,1080
C0474,Jennifer,Allen,Female,55.0,2025-01-10,North,Mature,287
C0475,Joshua,Johnson,Female,19.0,2020-09-28,East,Young,1852
C0476,John,Le,Female,29.0,2022-11-23,West,Adult,1066
C0477,Mary,Martinez,Male,51.0,2023-05-27,East,Mature,881
C0478,James,Johnson,Female,34.0,2020-07-19,North,Adult,1923
C0479,Mary,Farmer,Male,24.0,2021-08-18,South,Young,1528
C0480,Matthew,Moore,Female,27.0,2020-05-23,South,Adult,1980
C0481,Keith,Hayes,Female,67.0,2022-11-17,North,Senior,1072
C0482,Jennifer,Ramsey,Male,37.0,2024-12-09,West,Adult,319
C0483,Alan,Webb,Other,28.0,2022-04-10,North,Adult,1293
C0484,Deanna,Hall,Other,38.0,2022-06-14,South,Adult,1228
C0485,David,Krause,Male,63.0,2023-07-26,North,Senior,821
C0486,Joseph,Leon,Female,42.0,2023-10-04,North,Mature,751
C0487,Danny,Camacho,Female,27.0,2021-02-14,West,Adult,1713
C0488,Brent,Dickson,Female,34.0,2024-12-06,West,Adult,322
C0489,Paula,Washington,Male,44.15526315789474,2020-09-02,South,Mature,1878
C0490,Joseph,Wright,Male,66.0,2022-06-15,South,Senior,1227
C0491,Samuel,Conley,Female,50.0,2023-08-21,West,Mature,795
C0492,Scott,Parrish,Male,35.0,2023-08-20,North,Adult,796
C0493,Kimberly,Brown,Female,47.0,2022-08-24,West,Mature,1157
C0494,Jessica,Cox,Male,48.0,2021-03-17,North,Mature,1682
C0495,Victoria,Smith,Female,58.0,2024-10-30,South,Senior,359
C0496,Carrie,Ruiz,Male,35.0,2024-12-21,North,Adult,307
C0497,Holly,Deleon,Male,66.0,2024-08-04,South,Senior,446
C0498,Alexis,Martinez,Female,54.0,2022-11-12,West,Mature,1077
C0499,Kristina,Manning,Female,23.0,2021-04-09,South,Young,1659
C0500,Heather,Martinez,Male,41.0,2022-07-02,South,Mature,1210
C0501,Sarah,Caldwell,Male,52.0,2020-09-10,West,Mature,1870
C0502,Karina,Thompson,Other,46.0,2021-02-14,North,Mature,1713
C0503,Pamela,Johnson,Male,70.0,2024-08-03,West,Senior,447
C0504,Melanie,Monroe,Other,36.0,2021-09-13,South,Adult,1502
C0505,Jonathan,Chung,Male,21.0,2023-07-28,West,Young,819
C0506,Michael,Reese,Female,56.0,2020-05-14,East,Senior,1989
C0507,Kyle,Beck,Other,42.0,2021-05-31,East,Mature,1607
C0508,Joshua,Boyer,Other,31.0,2025-04-09,East,Adult,198
C0509,Dean,Taylor,Male,28.0,2021-12-30,North,Adult,1394
C0510,Sergio,Garrett,Female,23.0,2022-01-19,West,Young,1374
C0511,Robert,Chung,Other,25.0,2024-11-14,South,Young,344
C0512,Brian,Casey,Other,53.0,2021-03-08,East,Mature,1691
C0513,Olivia,Jones,Female,31.0,2020-06-27,East,Adult,1945
C0514,Joann,Gibson,Other,39.0,2025-01-25,East,Adult,272
C0515,Elizabeth,Alvarez,Other,46.0,2023-07-22,East,Mature,825
C0516,Nicholas,Kramer,Male,60.0,2024-01-30,East,Senior,633
C0517,Jonathan,Wilson,Female,31.0,2022-04-06,West,Adult,1297
C0518,Nicholas,Fischer,Other,39.0,2024-09-24,North,Adult,395
C0519,Renee,Fletcher,Other,26.0,2021-08-28,North,Adult,1518
C0520,Michael,Lee,Other,48.0,2021-06-25,North,Mature,1582
C0521,Kyle,Smith,Male,61.0,2024-02-28,South,Senior,604
C0522,Cathy,Turner,Female,53.0,2022-08-06,West,Mature,1175
C0523,Jessica,Villanueva,Female,52.0,2024-10-10,North,Mature,379
C0524,Diana,Jones,Other,59.0,2020-07-05,North,Senior,1937
C0525,Lee,Booker,Other,19.0,2020-08-14,West,Young,1897
C0526,Michael,Brown,Other,25.0,2021-08-09,East,Young,1537
C0527,Ian,Carter,Female,44.15526315789474,2024-10-05,East,Mature,384
C0528,Mary,Jacobson,Female,29.0,2020-12-09,North,Adult,1780
C0529,Veronica,Brooks,Male,47.0,2023-03-03,East,Mature,966
C0530,Jasmine,Smith,Male,46.0,2024-03-12,North,Mature,591
C0531,Samantha,Peters,Male,65.0,2024-10-10,North,Senior,379
C0532,Zachary,Bailey,Female,61.0,2022-06-14,East,Senior,1228
C0533,Tyler,Martinez,Male,23.0,2024-09-13,East,Young,406
C0534,Shawn,Welch,Other,32.0,2024-01-20,South,Adult,643
C0535,Derrick,Lopez,Female,41.0,2023-10-21,North,Mature,734
C0536,Roy,Sanders,Female,49.0,2023-11-11,South,Mature,713
C0537,Daniel,Garrison,Male,30.0,2020-07-21,West,Adult,1921
C0538,Christopher,Miller,Male,35.0,2022-01-01,West,Adult,1392
C0539,Sherry,Williams,Male,53.0,2022-11-08,South,Mature,1081
C0540,Jessica,Joseph,Other,65.0,2023-05-31,South,Senior,877
C0541,Janice,Butler,Male,55.0,2022-11-15,South,Mature,1074
C0542,Julie,Simon,Other,22.0,2022-08-13,South,Young,1168
C0543,Dylan,Russell,Female,54.0,2023-09-21,South,Mature,764
C0544,Adrian,Warner,Other,64.0,2020-05-13,East,Senior,1990
C0545,Stephen,Jones,Male,61.0,2022-03-02,North,Senior,1332
C0546,Paul,Thompson,Other,61.0,2023-02-25,East,Senior,972
C0547,Jay,Johnson,Other,53.0,2024-08-17,West,Mature,433
C0548,Bryce,Simmons,Male,45.0,2020-06-09,North,Mature,1963
C0549,Mark,Porter,Female,45.0,2023-11-04,West,Mature,720
C0550,Kelly,Chaney,Female,25.0,2023-03-30,West,Young,939
C0551,Yvonne,Griffith,Female,41.0,2024-04-13,North,Mature,559
C0552,Tracy,Gonzalez,Other,32.0,2020-10-04,North,Adult,1846
C0553,Laura,Rodriguez,Female,44.0,2023-10-31,West,Mature,724
C0554,Tiffany,Knapp,Female,18.0,2024-10-10,West,Young,379
C0555,Tony,Sosa,Male,39.0,2020-07-22,North,Adult,1920
C0556,Summer,Price,Other,69.0,2023-09-06,North,Senior,779
C0557,Juan,Cantu,Other,32.0,2021-04-14,West,Adult,1654
C0558,Lindsey,Gutierrez,Male,33.0,2024-08-11,South,Adult,439
C0559,Caroline,Castro,Male,39.0,2024-05-15,East,Adult,527
C0560,Anthony,Phillips,Male,58.0,2022-01-10,North,Senior,1383
C0561,Alicia,Howe,Male,48.0,2021-01-08,West,Mature,1750
C0562,John,Mckenzie,Male,55.0,2023-06-20,East,Mature,857
C0563,Amanda,Sampson,Female,33.0,2020-12-16,North,Adult,1773
C0564,Jessica,Miller,Female,33.0,2022-10-16,East,Adult,1104
C0565,Emily,Foster,Male,70.0,2024-09-08,East,Senior,411
C0566,Johnny,Chapman,Other,68.0,2025-03-16,South,Senior,222
C0567,Nicole,George,Male,67.0,2021-03-22,West,Senior,1677
C0568,Nathan,Garcia,Male,58.0,2023-07-06,West,Senior,841
C0569,Timothy,Schultz,Other,25.0,2023-12-29,North,Young,665
C0570,Amy,Hess,Male,44.15526315789474,2024-04-30,West,Mature,542
C0571,Jessica,Ayers,Female,62.0,2021-11-22,North,Senior,1432
C0572,Abigail,Adams,Male,21.0,2020-04-20,West,Young,2013
C0573,Mary,Arnold,Male,37.0,2022-01-07,West,Adult,1386
C0574,Anthony,Webb,Male,24.0,2022-06-25,North,Young,1217
C0575,Paul,Hall,Other,21.0,2025-02-10,East,Young,256
C0576,Karen,Hernandez,Female,43.0,2020-04-27,North,Mature,2006
C0577,Nancy,Buckley,Other,66.0,2022-05-30,West,Senior,1243
C0578,Nathan,Snyder,Male,56.0,2024-02-18,North,Senior,614
C0579,Dana,Ho,Female,42.0,2023-07-24,West,Mature,823
C0580,Luke,Arnold,Female,57.0,2020-08-26,North,Senior,1885
C0581,Perry,Hebert,Female,59.0,2024-05-17,North,Senior,525
C0582,William,Walters,Female,51.0,2023-06-04,East,Mature,873
C0583,John,Santana,Other,30.0,2021-04-15,North,Adult,1653
C0584,Timothy,Levine,Male,18.0,2021-01-21,North,Young,1737
C0585,Tony,Parker,Other,68.0,2023-04-25,South,Senior,913
C0586,Brandon,Macdonald,Other,26.0,2021-08-30,East,Adult,1516
C0587,Ryan,Mullen,Female,44.0,2021-01-07,West,Mature,1751
C0588,David,Johnson,Other,44.15526315789474,2021-02-24,West,Mature,1703
C0589,Jose,Peterson,Male,33.0,2020-12-25,South,Adult,1764
C0590,Patricia,Garcia,Male,21.0,2020-07-14,South,Young,1928
C0591,Tina,Frank,Female,55.0,2020-04-11,West,Mature,2022
C0592,Austin,Adams,Other,59.0,2022-09-16,East,Senior,1134
C0593,Andrew,Cook,Female,55.0,2021-08-24,South,Mature,1522
C0594,Ryan,Castro,Male,44.15526315789474,2021-06-23,East,Mature,1584
C0595,Joshua,Shah,Other,39.0,2025-03-14,East,Adult,224
C0596,David,Carr,Female,18.0,2022-08-22,South,Young,1159
C0597,Ariel,Sanchez,Male,33.0,2024-06-22,North,Adult,489
C0598,Morgan,Wagner,Female,40.0,2023-04-11,South,Adult,927
C0599,Daniel,Estes,Male,58.0,2022-12-24,South,Senior,1035
C0600,Timothy,Cunningham,Male,39.0,2021-04-24,South,Adult,1644
C0601,Melissa,Jefferson,Other,48.0,2020-07-02,West,Mature,1940
C0602,Julie,Rodriguez,Other,62.0,2023-11-19,East,Senior,705
C0603,Michelle,Simpson,Other,54.0,2020-08-07,East,Mature,1904
C0604,Juan,Allison,Other,37.0,2020-04-23,West,Adult,2010
C0605,James,Mason,Female,28.0,2022-09-15,North,Adult,1135
C0606,Paul,Dawson,Female,68.0,2025-02-28,North,Senior,238
C0607,Patrick,Fox,Female,32.0,2025-04-04,North,Adult,203
C0608,Timothy,Page,Other,44.15526315789474,2024-10-26,South,Mature,363
C0609,David,Sanford,Female,57.0,2023-12-24,South,Senior,670
C0610,Evelyn,Campbell,Male,48.0,2024-04-01,East,Mature,571
C0611,Daniel,Nelson,Other,44.15526315789474,2020-05-20,South,Mature,1983
C0612,Alexandra,Bennett,Female,29.0,2024-02-20,North,Adult,612
C0613,Rachael,Curtis,Female,18.0,2024-03-13,North,Young,590
C0614,Heather,Barrera,Female,19.0,2020-08-13,North,Young,1898
C0615,Nicole,Simmons,Male,36.0,2023-04-19,West,Adult,919
C0616,Linda,Hamilton,Male,58.0,2022-11-16,East,Senior,1073
C0617,Bradley,Cox,Male,19.0,2022-10-03,South,Young,1117
C0618,Jade,Blackwell,Male,36.0,2020-11-13,South,Adult,1806
C0619,Wendy,Campbell,Male,44.15526315789474,2023-11-06,South,Mature,718
C0620,Keith,Moore,Female,53.0,2022-09-14,South,Mature,1136
C0621,Anita,Richardson,Male,30.0,2023-08-26,North,Adult,790
C0622,Dylan,Rangel,Male,34.0,2022-11-21,North,Adult,1068
C0623,Norma,Lopez,Male,61.0,2023-09-04,South,Senior,781
C0624,Alexandra,Hutchinson,Female,59.0,2020-12-18,North,Senior,1771
C0625,Scott,Thomas,Female,31.0,2024-02-26,East,Adult,606
C0626,Samuel,Turner,Female,44.15526315789474,2022-11-22,East,Mature,1067
C0627,John,Hamilton,Female,60.0,2021-05-23,South,Senior,1615
C0628,Michael,Morrison,Other,69.0,2024-11-09,West,Senior,349
C0629,Natasha,Anderson,Other,22.0,2022-02-18,North,Young,1344
C0630,James,Fischer,Male,26.0,2022-12-25,South,Adult,1034
C0631,Kimberly,Woods,Male,52.0,2020-10-26,West,Mature,1824
C0632,Lisa,Larsen,Other,41.0,2022-01-05,East,Mature,1388
C0633,Sherry,Gilbert,Other,45.0,2021-04-16,South,Mature,1652
C0634,Denise,Chandler,Male,66.0,2024-03-05,South,Senior,598
C0635,Dylan,Mitchell,Other,36.0,2023-03-13,South,Adult,956
C0636,Richard,Watson,Female,33.0,2020-11-18,North,Adult,1801
C0637,Janet,Underwood,Other,68.0,2022-07-16,East,Senior,1196
C0638,Sean,Sanchez,Male,50.0,2023-01-19,West,Mature,1009
C0639,Jasmine,George,Male,64.0,2023-01-10,North,Senior,1018
C0640,Melissa,Brown,Female,68.0,2024-07-27,North,Senior,454
C0641,Danielle,Mack,Male,50.0,2021-05-05,West,Mature,1633
C0642,Heather,Ballard,Other,66.0,2023-08-10,East,Senior,806
C0643,Regina,Brown,Female,51.0,2024-04-20,West,Mature,552
C0644,Joshua,Walters,Male,38.0,2023-02-26,East,Adult,971
C0645,Kaitlyn,Williams,Other,44.15526315789474,2021-07-11,West,Mature,1566
C0646,James,Morrow,Other,49.0,2022-03-04,West,Mature,1330
C0647,Jacqueline,Garcia,Female,55.0,2021-06-18,West,Mature,1589
C0648,Richard,Mosley,Other,68.0,2024-08-07,North,Senior,443
C0649,Nathan,Avila,Male,32.0,2023-07-09,South,Adult,838
C0650,Sandra,Martinez,Female,33.0,2024-08-30,West,Adult,420
C0651,Kevin,Kim,Male,37.0,2025-04-01,West,Adult,206
C0652,Misty,Oneal,Female,54.0,2024-09-05,South,Mature,414
C0653,Erik,Williams,Female,34.0,2022-11-11,North,Adult,1078
C0654,Michael,Jefferson,Male,66.0,2023-04-02,North,Senior,936
C0655,David,Phillips,Female,44.15526315789474,2020-09-25,East,Mature,1855
C0656,Hannah,Frazier,Male,55.0,2023-08-27,North,Mature,789
C0657,Richard,Martinez,Female,50.0,2023-01-24,East,Mature,1004
C0658,Greg,Gonzalez,Female,46.0,2022-07-02,West,Mature,1210
C0659,Johnny,Nunez,Female,44.0,2022-03-31,East,Mature,1303
C0660,William,Miller,Female,38.0,2024-07-13,East,Adult,468
C0661,Kristin,Powell,Female,19.0,2021-10-04,South,Young,1481
C0662,Jennifer,Reyes,Female,32.0,2024-04-05,East,Adult,567
C0663,Isaac,Watkins,Other,22.0,2024-03-19,East,Young,584
C0664,John,Sandoval,Male,36.0,2022-05-13,North,Adult,1260
C0665,Luke,Santos,Female,32.0,2021-05-28,North,Adult,1610
C0666,Nicole,Reynolds,Male,22.0,2024-03-08,East,Young,595
C0667,Mary,White,Male,52.0,2021-09-30,South,Mature,1485
C0668,Jonathan,Marshall,Female,30.0,2025-03-18,East,Adult,220
C0669,Kyle,Reilly,Female,37.0,2022-05-17,East,Adult,1256
C0670,Bryan,Turner,Male,63.0,2021-08-13,South,Senior,1533
C0671,Andrew,Davis,Other,65.0,2023-05-10,East,Senior,898
C0672,Matthew,Good,Male,67.0,2020-06-05,East,Senior,1967
C0673,Timothy,Moreno,Female,70.0,2020-08-17,East,Senior,1894
C0674,Juan,Allen,Female,43.0,2021-06-30,North,Mature,1577
C0675,Jamie,Le,Female,59.0,2022-09-26,South,Senior,1124
C0676,Laura,Lewis,Female,32.0,2023-08-16,South,Adult,800
C0677,Ashley,Johnson,Other,65.0,2021-07-16,South,Senior,1561
C0678,Audrey,Benson,Female,32.0,2023-07-09,West,Adult,838
C0679,Deanna,Kent,Other,70.0,2022-12-04,West,Senior,1055
C0680,Daniel,Calderon,Female,68.0,2023-12-10,North,Senior,684
C0681,Shannon,Henry,Female,30.0,2024-05-22,West,Adult,520
C0682,Ashley,Black,Other,44.0,2024-05-08,South,Mature,534
C0683,Katherine,Saunders,Female,46.0,2022-06-29,North,Mature,1213
C0684,Diana,Mccormick,Female,26.0,2022-01-14,South,Adult,1379
C0685,Erika,Brown,Female,65.0,2023-04-30,North,Senior,908
C0686,Melissa,Cox,Female,69.0,2023-01-01,East,Senior,1027
C0687,Mark,Chavez,Female,32.0,2023-02-24,West,Adult,973
C0688,Melinda,Stewart,Female,61.0,2020-06-13,West,Senior,1959
C0689,Courtney,Cook,Other,52.0,2020-11-04,East,Mature,1815
C0690,Justin,Chang,Female,55.0,2023-12-20,North,Mature,674
C0691,Matthew,Norman,Other,68.0,2022-04-24,North,Senior,1279
C0692,Margaret,Rodriguez,Male,27.0,2024-05-28,East,Adult,514
C0693,Daniel,Hudson,Other,58.0,2023-05-26,West,Senior,882
C0694,Lorraine,Smith,Female,31.0,2023-06-05,West,Adult,872
C0695,Amy,Johnson,Male,52.0,2024-01-05,West,Mature,658
C0696,Stephen,Ross,Male,48.0,2020-11-13,North,Mature,1806
C0697,Gregory,Harris,Female,54.0,2021-02-28,West,Mature,1699
C0698,Charles,Gordon,Other,37.0,2024-09-09,North,Adult,410
C0699,Sydney,Smith,Male,24.0,2021-05-15,South,Young,1623
C0700,Anthony,Reed,Male,70.0,2023-01-09,West,Senior,1019
C0701,Jason,Mcneil,Male,29.0,2022-05-17,South,Adult,1256
C0702,Nicholas,Williams,Male,42.0,2023-02-23,East,Mature,974
C0703,John,Buck,Male,32.0,2020-12-19,East,Adult,1770
C0704,David,Avery,Other,51.0,2023-02-21,North,Mature,976
C0705,Felicia,Guerrero,Female,21.0,2023-12-16,East,Young,678
C0706,Madeline,Rodriguez,Other,44.15526315789474,2022-08-03,South,Mature,1178
C0707,Sheila,Vaughn,Female,44.0,2022-01-17,West,Mature,1376
C0708,Juan,Gross,Male,25.0,2025-03-14,South,Young,224
C0709,Kevin,Brown,Other,44.0,2023-12-20,West,Mature,674
C0710,David,Harris,Other,22.0,2021-12-16,West,Young,1408
C0711,Alice,Ross,Male,26.0,2021-09-23,South,Adult,1492
C0712,Allison,Combs,Female,45.0,2023-08-08,West,Mature,808
C0713,Vicki,Duncan,Male,56.0,2021-08-11,East,Senior,1535
C0714,Patricia,Harvey,Other,30.0,2024-08-19,West,Adult,431
C0715,John,Phillips,Female,30.0,2021-08-03,North,Adult,1543
C0716,David,Brown,Male,46.0,2020-07-05,North,Mature,1937
C0717,Deborah,Castillo,Female,56.0,2024-08-24,South,Senior,426
C0718,Joseph,Williams,Other,39.0,2021-11-19,West,Adult,1435
C0719,Michael,Kelly,Female,47.0,2024-10-15,North,Mature,374
C0720,Megan,Sims,Other,23.0,2022-08-09,East,Young,1172
C0721,Elaine,Young,Other,47.0,2022-04-12,East,Mature,1291
C0722,Olivia,Nelson,Other,63.0,2025-03-16,East,Senior,222
C0723,Mark,Franklin,Female,57.0,2020-10-19,South,Senior,1831
C0724,Robert,Davis,Female,33.0,2024-03-02,South,Adult,601
C0725,Eric,Moore,Other,64.0,2023-03-06,West,Senior,963
C0726,Mark,Bond,Female,42.0,2023-03-25,South,Mature,944
C0727,Justin,Morris,Other,54.0,2024-12-20,North,Mature,308
C0728,Bradley,Gordon,Female,62.0,2023-03-31,North,Senior,938
C0729,Christopher,Morales,Male,28.0,2021-08-22,East,Adult,1524
C0730,Gina,Wagner,Other,52.0,2021-03-01,East,Mature,1698
C0731,Erin,Johnson,Other,22.0,2021-07-12,South,Young,1565
C0732,Kimberly,Harrell,Female,44.0,2023-12-02,North,Mature,692
C0733,Jessica,Nelson,Female,22.0,2023-06-15,North,Young,862
C0734,Michelle,Lindsey,Other,67.0,2022-01-15,East,Senior,1378
C0735,Kelly,Nelson,Female,46.0,2020-08-24,South,Mature,1887
C0736,Matthew,Carr,Female,31.0,2021-03-03,North,Adult,1696
C0737,Robert,Bennett,Female,19.0,2023-05-25,North,Young,883
C0738,Danny,Salas,Other,62.0,2024-09-14,West,Senior,405
C0739,Mariah,Mercer,Female,39.0,2023-10-27,West,Adult,728
C0740,John,Bush,Male,43.0,2021-04-16,North,Mature,1652
C0741,Laura,Warren,Male,34.0,2024-05-29,North,Adult,513
C0742,Steven,Mata,Other,26.0,2021-06-12,East,Adult,1595
C0743,Andrew,Rivera,Other,65.0,2022-02-07,West,Senior,1355
C0744,Sara,Collins,Female,47.0,2025-04-07,North,Mature,200
C0745,Julie,Garcia,Male,53.0,2021-02-25,South,Mature,1702
C0746,Tonya,Wilson,Other,46.0,2024-06-04,South,Mature,507
C0747,Richard,Harrison,Female,70.0,2021-09-26,East,Senior,1489
C0748,Michelle,Johns,Male,28.0,2021-12-15,North,Adult,1409
C0749,Cory,Wise,Other,24.0,2023-07-15,South,Young,832
C0750,Kyle,Montgomery,Female,25.0,2024-11-18,West,Young,340
C0751,Sydney,Koch,Male,22.0,2021-09-16,North,Young,1499
C0752,Lacey,Luna,Other,35.0,2024-07-06,South,Adult,475
C0753,Kirsten,Allen,Female,40.0,2022-10-05,South,Adult,1115
C0754,Steven,Jordan,Male,63.0,2022-11-24,North,Senior,1065
C0755,Jonathan,Miller,Other,52.0,2022-03-27,South,Mature,1307
C0756,William,Roach,Female,62.0,2021-03-10,North,Senior,1689
C0757,Leah,Hill,Other,69.0,2021-08-09,North,Senior,1537
C0758,Barbara,Hernandez,Female,62.0,2024-09-07,East,Senior,412
C0759,Amanda,Johnson,Female,21.0,2022-10-21,North,Young,1099
C0760,Dana,Brown,Male,67.0,2024-06-14,West,Senior,497
C0761,Melissa,Fitzgerald,Male,33.0,2023-09-03,East,Adult,782
C0762,Antonio,Jackson,Male,30.0,2023-10-26,North,Adult,729
C0763,Rachel,Little,Male,44.0,2022-03-23,North,Mature,1311
C0764,David,Kelley,Male,39.0,2023-10-16,South,Adult,739
C0765,Angela,Garcia,Other,60.0,2024-12-19,North,Senior,309
C0766,Seth,Edwards,Male,44.15526315789474,2021-04-25,South,Mature,1643
C0767,Daniel,Gregory,Other,28.0,2020-11-21,North,Adult,1798
C0768,Gail,Rosales,Female,50.0,2024-07-02,North,Mature,479
C0769,Renee,Tucker,Female,38.0,2020-11-14,South,Adult,1805
C0770,Emily,Johnson,Other,31.0,2023-06-18,West,Adult,859
C0771,Charlene,Benson,Female,25.0,2020-12-29,South,Young,1760
C0772,Kenneth,Stuart,Male,24.0,2024-04-25,East,Young,547
C0773,Rhonda,Kline,Female,29.0,2022-12-27,North,Adult,1032
C0774,Vanessa,Martin,Female,59.0,2022-06-21,East,Senior,1221
C0775,Cynthia,Hart,Male,42.0,2023-07-15,South,Mature,832
C0776,Katherine,Lane,Female,32.0,2021-06-07,North,Adult,1600
C0777,Anna,Hammond,Other,70.0,2021-03-17,East,Senior,1682
C0778,Taylor,Hudson,Other,57.0,2023-03-05,East,Senior,964
C0779,Joshua,Meyer,Male,22.0,2020-04-16,South,Young,2017
C0780,Breanna,Schroeder,Female,37.0,2023-10-08,West,Adult,747
C0781,Latasha,Morales,Male,63.0,2020-11-11,South,Senior,1808
C0782,Joseph,Logan,Female,24.0,2023-06-28,East,Young,849
C0783,Alyssa,Wright,Other,62.0,2021-03-13,West,Senior,1686
C0784,Angela,Johnson,Other,67.0,2020-12-12,South,Senior,1777
C0785,Lisa,Richmond,Female,29.0,2020-10-11,East,Adult,1839
C0786,Patricia,Mccarty,Other,48.0,2022-07-31,North,Mature,1181
C0787,Alicia,Jimenez,Female,19.0,2023-06-07,West,Young,870
C0788,Timothy,Scott,Female,50.0,2023-04-12,South,Mature,926
C0789,Tonya,Sandoval,Other,55.0,2024-07-21,North,Mature,460
C0790,Julie,Pugh,Male,19.0,2022-11-20,North,Young,1069
C0791,Brittany,Murray,Female,33.0,2023-11-01,West,Adult,723
C0792,Daniel,Haney,Male,57.0,2020-12-31,North,Senior,1758
C0793,Charles,Lee,Male,26.0,2023-05-13,East,Adult,895
C0794,Brent,Brown,Female,36.0,2023-08-21,South,Adult,795
C0795,Emily,Smith,Male,42.0,2025-04-03,South,Mature,204
C0796,Jonathan,Gardner,Other,20.0,2023-03-08,South,Young,961
C0797,Jordan,Smith,Other,56.0,2020-04-29,West,Senior,2004
C0798,Rachel,Porter,Other,39.0,2020-08-12,South,Adult,1899
C0799,Jeffrey,Myers,Female,44.15526315789474,2024-06-12,North,Mature,499
